first_name,last_name,job_title,department,email,address,phone_number,salary,password
Scott,Murphy,Patent attorney,Chief Operating Officer,amanda76@example.org,Millermouth,450-670-3577x82953,17746,Va11j07O
Shelby,Lopez,"Administrator, Civil Service",Naval architect,nfoster@example.net,North Michelleville,(358)359-6999,85470,83PJ00BS
Jennifer,Mcpherson,"Engineer, biomedical","Engineer, electronics",parksvanessa@example.net,Alexandramouth,5187002312,3377,dgY7T4tm
Matthew,Obrien,Building control surveyor,Chief Marketing Officer,josejones@example.org,East David,+1-997-815-6056,44952,exD4c3Ux
Michael,Johnson,Recruitment consultant,Haematologist,alyssa64@example.org,West Toddview,(643)534-3442,57801,8peqK67s
Matthew,Lamb,Soil scientist,Chief Executive Officer,ifuller@example.net,South Nicole,(430)698-9666x268,93031,ccImfkEG
Elizabeth,Benitez,Company secretary,Corporate investment banker,brownpaul@example.org,South Destinyshire,794.680.1684,55145,B59vqPj7
Anne,Davis,Prison officer,Community development worker,vcantrell@example.net,North Christopher,(803)261-9049x8259,2276,Uiym8Af8
James,Mcclure,Bookseller,Television production assistant,shelbyjohnson@example.com,Terranceport,(881)595-8643x748,47238,R4uzwenz
Michael,Castillo,Jewellery designer,Banker,hthornton@example.com,South Teresa,753.434.7626x61141,75667,zrLO9OQD
Antonio,Young,Armed forces technical officer,Pension scheme manager,brownbrittney@example.com,Donnashire,684-389-2773x96466,96053,7DgjfamI
Christopher,Stephens,Ambulance person,Advertising copywriter,gravesjessica@example.org,East Cory,8468876534,17481,HtsInm4y
Rebecca,Johnson,Pension scheme manager,Soil scientist,fernandezleonard@example.org,Douglasville,763-819-3397x1092,60203,Ox4WnWvz
Jennifer,Knight,Homeopath,Cartographer,lindsey04@example.org,Christensenside,(860)571-1133x83029,4521,O587P5qa
Justin,Lutz,Amenity horticulturist,Make,andrew93@example.org,Brettshire,861-557-5482x23259,98494,ByoYnFmk
Beth,Bullock,Call centre manager,"Engineer, civil (consulting)",matthewsashley@example.net,Robinsonmouth,+1-470-506-5900,4885,cGVXPile
Rachel,Short,Podiatrist,"Engineer, mining",stevenjackson@example.com,South Deborahside,+1-529-310-9346,23524,Ijmhi49o
Angela,Long,Special effects artist,Special educational needs teacher,dfrench@example.com,Kristaside,363-347-5828x44602,2036,Ke0cVBpj
Steven,Rivera,Printmaker,"Surveyor, quantity",sbenitez@example.org,West Jorge,727.367.7904x73193,41739,UhTzG1r8
Laura,Nixon,Audiological scientist,Health and safety adviser,kochpatricia@example.com,South Elizabeth,001-370-540-3432x44469,32818,dQVH6yCb
Roberto,Kennedy,Personal assistant,Financial trader,heatherlewis@example.net,Reedbury,4515309112,78904,MByu8Jmf
Joseph,Hill,"Engineer, electrical",Firefighter,david79@example.com,Davidbury,215.784.7772x8558,45764,98h6lX5d
Julie,Parker,Toxicologist,Purchasing manager,heatherbrown@example.com,Stephensbury,(962)891-0500x148,69725,lYDgo3Mg
Sean,May,Water quality scientist,Printmaker,dylannorman@example.com,Penningtonmouth,798-359-8437x839,36975,QuHmEneH
Timothy,Thomas,"Designer, fashion/clothing","Designer, blown glass/stained glass",hmorales@example.net,Lake Patrick,231.927.4242x4747,36328,LkZPnmAU
Kimberly,Duarte,TEFL teacher,Geographical information systems officer,christopher55@example.com,New Robert,001-517-387-9195x4064,83897,cvze2x1h
Adam,Ellis,Logistics and distribution manager,"Surveyor, insurance",ayalaandrew@example.org,Jasonburgh,001-205-452-1665x093,19421,T6Boiotj
Alexander,Oneill,Software engineer,Medical technical officer,williamsmichael@example.org,Charleneland,(966)758-4608,34954,ZqEnwsjL
Willie,Farmer,Tax inspector,Amenity horticulturist,barnettkelli@example.net,South Brandibury,001-200-845-1604x91669,16751,AvRhai81
Matthew,Nichols,Chiropractor,"Engineer, site",terrencehoward@example.org,Mayerberg,(272)526-8511x8172,49501,uMRZUgbc
Katie,Walker,Plant breeder/geneticist,Paediatric nurse,andrew26@example.net,East Aprilmouth,001-200-291-1900x71159,88162,D0GJhORt
Chad,Hunt,"Optician, dispensing",Arts development officer,stephen68@example.com,Johnsonburgh,694-678-8540x946,89070,KLSTB1N0
Elizabeth,Morgan,Health and safety inspector,"Engineer, maintenance",sullivansharon@example.com,New Rebeccamouth,558-869-7465,91256,0vBzuduu
Joseph,Thompson,Conference centre manager,Records manager,jamesaguirre@example.org,Paulhaven,(235)229-4661x65679,48125,m8Pdn0My
Rebecca,Black,"Psychotherapist, dance movement",Financial controller,nramsey@example.com,South Richard,655-766-6886x723,50602,yX65r46f
Leon,Johnson,Equality and diversity officer,Leisure centre manager,angela16@example.com,Lake Sarahland,962-947-1937x56890,44524,VMmlnsW1
Margaret,Johnson,Health visitor,Patent examiner,jacksonjennifer@example.net,West Randallmouth,001-862-957-4815x2215,33010,pIxXMVaQ
Rhonda,Booth,"Administrator, local government","Optician, dispensing",montgomerycharles@example.net,New Ronaldland,3278174772,99962,0D1vitgJ
Linda,Wilson,Brewing technologist,Manufacturing engineer,gdunn@example.net,New Todd,822-666-0920x79579,24923,SNTDc32F
Emily,Shaffer,Technical brewer,Web designer,wrightveronica@example.com,East Melinda,446.239.4128x2194,12960,0bLihY9l
Michelle,Hardin,Therapeutic radiographer,Medical sales representative,oclark@example.com,New Joseph,001-552-921-1767x010,16649,xdfx5ScN
Tammy,Simon,Emergency planning/management officer,Secretary/administrator,brian39@example.net,Barrettside,001-430-563-0989x2278,11885,tB09r4s3
Louis,Douglas,"Scientist, physiological","Journalist, broadcasting",umurillo@example.org,Lake Rebeccaburgh,(512)891-1547x9894,23507,DmAEMWtR
Rachel,Blankenship,"Sound technician, broadcasting/film/video",English as a second language teacher,sarahrangel@example.com,New Amberville,328.386.8128,31003,fYwiyODO
Sarah,Reed,Minerals surveyor,"Civil engineer, contracting",crystalhill@example.net,North Kimberly,001-845-954-4029x9476,72863,10MSu6ye
William,Washington,Occupational hygienist,Astronomer,nicholstracy@example.net,South Rebeccafort,668-807-1419x2322,96542,2sZAh81Y
Matthew,Mendoza,Media buyer,"Pilot, airline",mcbrideelizabeth@example.com,Rodriguezville,+1-219-354-9670x78993,7695,WVkBKnq0
Leslie,Lutz,IT trainer,Museum/gallery conservator,hkirk@example.net,Ryanburgh,946-952-0860,83944,8SvcZRIy
Benjamin,Flynn,Financial trader,Seismic interpreter,gturner@example.com,North Tommychester,393-420-3361x750,75390,dZdT8iaE
Aaron,Carr,"Engineer, structural",Newspaper journalist,rogerhunter@example.org,South Kristenhaven,622.321.1733x02226,82038,74R9ySrG
Collin,Anderson,Data processing manager,Physiotherapist,knewman@example.com,Thomasfurt,919-337-8539x03755,14147,pU3VOJPX
Jon,Jensen,Software engineer,Agricultural consultant,wayne84@example.org,Williechester,+1-475-406-8525x350,56558,OnPCHkdJ
Lori,Solis,Occupational therapist,Advertising account planner,mitchelljessica@example.com,Andrewview,315-545-6957x20338,86402,B0uhpHK1
Justin,Costa,"Journalist, magazine",Horticultural consultant,qkeller@example.com,New Yolanda,+1-626-645-4454x933,15507,6ietBFrr
Brian,Nguyen,Jewellery designer,Technical author,jose46@example.org,Judithtown,3895026332,12995,XdcMS7VI
Jason,Powell,"Runner, broadcasting/film/video",Immunologist,melaniesingh@example.com,Briannabury,(405)865-2422,75121,lTrHbxZI
Cathy,Ford,Illustrator,Bookseller,angelahenry@example.net,Josephburgh,207.795.3640,37988,mvEOCR0b
Daniel,Harris,"Administrator, local government",Commercial/residential surveyor,derrick44@example.net,Cherylstad,+1-274-400-9163x0036,16221,WrmERzFu
Jessica,Gomez,"Programmer, applications",Government social research officer,michael36@example.org,Aguilarstad,+1-888-641-1718x3431,33914,LVEDwd0q
Rebecca,Graham,Research scientist (life sciences),"Surveyor, insurance",justinray@example.com,Anthonyshire,+1-719-701-8077x587,90620,5pERJKbr
Sean,Mendoza,Tax inspector,Chartered loss adjuster,olsenhunter@example.com,Jodifurt,818.806.6791x237,70379,qPIDabTE
Samantha,Martin,English as a foreign language teacher,Photographer,wilcoxsean@example.org,Bonnietown,+1-702-597-8460x58009,48162,TtcgiILt
Vanessa,Lane,Outdoor activities/education manager,"Education officer, museum",qnewman@example.net,South Paula,+1-605-418-1605x0635,20100,C10mbrD1
Christopher,Garrison,Actor,Gaffer,wrightcharles@example.com,South Summerland,381-909-0206x5883,86840,kARNz0dm
Dana,Beck,Systems developer,"Teacher, music",alvarezthomas@example.net,New Annestad,(732)654-8317,54860,pNKzMPG4
Amber,Holloway,"Designer, furniture",Site engineer,rodriguezjonathan@example.org,North Katherineview,(600)998-6348x0704,92819,7cinMZ6P
Michael,Erickson,"Psychologist, occupational","Psychologist, clinical",sarah37@example.com,South Benjamin,410-673-8742,32571,RinbJb91
Robert,Oconnor,Newspaper journalist,Advertising account executive,isosa@example.com,Robertsonmouth,001-698-994-2245x7390,55050,uXZhoXXz
Steven,Foster,Architectural technologist,Animal technologist,joshua72@example.net,Johnsonburgh,745-398-2939x43648,68919,Gb3zwKgv
James,Black,Bonds trader,Corporate investment banker,savannahharvey@example.org,New Danieltown,001-584-239-2000x977,69413,crRNB8Uu
Frederick,Hernandez,Professor Emeritus,Commercial art gallery manager,alexandrawashington@example.org,East Donfurt,596.564.0544x79603,59970,eJM0awme
Stephen,Kelley,"Accountant, chartered","Buyer, retail",perrykerr@example.org,Benderhaven,4372670343,49655,veIhIXJ3
Joseph,Rose,Patent examiner,Dispensing optician,patrickmoore@example.net,Staffordfurt,001-327-536-1131x6365,51330,EmNM3mfY
Ann,Smith,Analytical chemist,Environmental education officer,fwebb@example.com,Christopherchester,897.210.3242x30742,86358,ZguL0QSo
Jennifer,Cook,"Designer, multimedia",Building control surveyor,kimberly85@example.org,Cantrellport,+1-250-875-7414x00018,47565,BbYJrmAz
Thomas,Swanson,Museum/gallery curator,Secondary school teacher,saraholson@example.net,West Scottbury,001-381-956-6181x0084,46058,33K8vHjL
Dustin,Brock,Web designer,"Surveyor, building control",jenniferhunt@example.net,Kyleborough,4117585834,47609,ZpmcpmqR
John,Vance,Brewing technologist,Ranger/warden,fmercado@example.com,Jeanneport,001-502-208-8775,27226,Ai2Mh3zN
Regina,Gray,Theatre stage manager,Medical sales representative,vanessa26@example.net,Marymouth,+1-495-425-7231,36708,k9XQhSfq
Jacqueline,Price,"Copywriter, advertising",Dispensing optician,susan76@example.org,Port Melissa,912-631-6497,64502,j1o2cu3c
Cynthia,Thompson,Dramatherapist,Contracting civil engineer,whitestephanie@example.net,Dillonburgh,+1-870-772-7308,64944,EOmGRnyY
Kathleen,Holt,Chartered loss adjuster,Financial adviser,wedwards@example.com,New Nicholas,+1-516-435-5386,22933,mRkJkFpq
Keith,Torres,"Production assistant, television","Administrator, education",gregorytownsend@example.net,Pattersonmouth,457-713-5451,8492,W4WupNLB
Kim,Miller,Charity officer,Curator,bethanyvazquez@example.org,South Michael,(889)812-1423x631,4035,TsBw9qRm
Nicole,Richardson,Textile designer,Hotel manager,ericvelasquez@example.org,Hayesborough,405-551-1423x18154,21204,1I6dnkyd
Anna,Baker,Lawyer,Travel agency manager,pnichols@example.com,New Garyshire,5579760833,95143,z4NWm8pe
Darren,Moran,"Engineer, control and instrumentation",Equities trader,ssmith@example.net,Lake Rebecca,5056608606,52245,tjMDmMjy
Lori,Young,Further education lecturer,Equities trader,donna65@example.com,Patrickborough,(200)544-5616x53056,71464,1iPLVKSp
Amanda,Moore,Animal technologist,"Programmer, systems",michelle58@example.org,Lake Lauren,001-902-382-6422x10627,65797,YPtjfYZK
Stephen,Hamilton,Web designer,"Programmer, multimedia",daviddiaz@example.org,Jessicabury,774.683.7021,86532,OLvNw1d6
Kimberly,Blankenship,Barrister,"Designer, television/film set",elijahgibson@example.com,East Alexandra,(440)505-0480x595,73263,4y59bvhW
Linda,Watson,Writer,Higher education careers adviser,gnelson@example.com,Grantstad,+1-885-646-9125x8222,99242,QG7J9iEh
Dylan,Mueller,Bonds trader,Call centre manager,rileychristine@example.com,Margaretborough,(538)237-6964,25751,keHX1ChP
Karen,Reynolds,"Designer, blown glass/stained glass",Ship broker,wyatt14@example.com,Lake Charles,(656)789-8743x24048,66828,96r49G9t
Michelle,Harrell,"Chemist, analytical","Scientist, water quality",johnadams@example.net,Port Keith,694.973.3712x100,49518,CyOyZgpV
Edward,Perry,Chartered legal executive (England and Wales),"Journalist, broadcasting",paige01@example.org,Lake Jeffrey,+1-210-641-8556x3321,72279,Fb1bsJHs
Billy,Molina,Outdoor activities/education manager,Industrial/product designer,ubrock@example.org,North Edwardtown,+1-745-932-0666,83487,M2RfOyeV
Dennis,Hahn,Hospital doctor,"Engineer, aeronautical",hcoleman@example.com,Lake John,4925734033,56251,RFYgW8xp
Brooke,Orr,Theatre manager,"Scientist, research (life sciences)",wangrichard@example.net,East Heather,001-986-933-2945x9084,88571,ZzZBl43x
Erica,Watkins,Corporate investment banker,Learning disability nurse,melissazimmerman@example.org,Cooperberg,841.207.0819x74915,29713,xw18cMc6
